Number,Gender,Background,Face color,Occasions,Eyes,Accs on face,Facial Expressions,Accs on head,Clothes,Little Accs
1,1,4,1,2,1,4,1,5,0,0
2,1,2,2,2,1,3,2,5,18,2
3,1,3,3,2,1,0,1,5,19,1
4,2,10,5,2,2,0,1,5,10,2
5,1,1,4,1,1,0,1,5,4,0
6,1,2,1,1,2,0,1,8,4,0
7,1,4,3,2,1,0,1,8,14,0
8,1,5,3,2,1,0,1,4,20,3
9,2,6,5,2,1,5,1,6,17,0
10,1,2,1,2,1,3,1,6,14,0
11,2,3,5,2,1,0,1,6,10,0
12,2,2,5,1,1,0,1,5,20,5
13,1,10,1,1,2,0,1,8,4,0
14,2,1,5,1,1,0,1,6,20,2
15,1,2,1,1,2,0,1,8,2,0
16,2,9,5,2,1,5,1,5,10,0
17,1,2,4,1,1,0,1,5,20,1
18,1,3,1,2,2,0,1,5,16,0
19,1,9,1,2,1,3,1,6,1,0
20,1,1,1,1,1,0,1,8,8,0
21,1,9,1,2,1,0,1,4,13,1
22,1,5,1,2,2,0,1,5,14,0
23,1,6,1,2,1,5,1,5,16,0
24,2,10,5,1,1,0,1,5,20,2
25,1,5,2,2,1,5,2,2,12,0
26,1,10,1,1,1,5,1,8,6,0
27,2,5,5,1,1,0,1,5,20,3
28,2,7,5,2,1,0,1,5,10,1
29,1,1,1,2,1,3,1,8,15,0
30,1,2,1,1,1,0,1,8,5,2
31,1,2,2,2,1,3,2,2,16,5
32,1,1,1,1,2,0,1,6,6,0
33,1,8,1,2,1,0,1,5,16,5
34,1,1,2,2,1,0,2,5,11,4
35,1,2,1,1,1,5,1,8,2,0
36,1,4,1,1,1,0,1,5,20,3
37,1,10,1,1,2,0,1,8,3,0
38,1,5,1,1,1,0,1,8,20,0
39,1,10,1,1,1,0,1,5,2,0
40,1,8,1,1,1,0,1,5,20,0
41,1,1,1,1,2,0,1,8,5,0
42,1,1,1,1,2,0,1,5,4,0
43,1,2,1,1,1,5,1,6,4,0
44,1,2,1,1,1,0,1,8,2,0
45,1,8,1,2,1,0,1,7,11,1
46,1,2,1,2,1,3,1,5,11,0
47,1,8,1,2,1,1,1,0,14,0
48,1,2,1,1,2,0,1,8,7,0
49,2,6,5,2,1,0,1,6,10,5
50,1,2,1,1,2,0,1,5,2,0
51,1,5,1,2,1,0,1,6,15,0
52,1,9,1,2,1,0,1,8,15,0
53,1,1,1,2,1,0,1,6,11,5
54,1,1,2,2,1,0,2,4,12,5
55,2,2,5,2,1,0,1,0,11,4
56,1,2,1,1,1,0,1,8,9,0
57,1,2,2,1,1,0,2,5,20,0
58,1,1,1,1,1,0,1,6,2,0
59,1,6,1,2,1,7,1,10,12,0
60,1,3,1,2,1,5,1,3,13,0
61,1,1,1,1,1,0,1,8,3,2
62,2,5,5,1,1,2,1,0,20,0
63,1,10,4,1,1,3,1,5,20,0
64,1,3,1,2,1,4,1,8,12,0
65,1,8,2,2,1,0,2,2,20,5
66,1,2,1,1,1,0,1,8,2,0
67,1,5,5,2,1,0,1,6,1,0
68,2,4,5,2,1,0,1,0,20,5
69,1,2,1,1,1,0,1,8,2,0
70,2,10,5,1,1,0,1,0,20,3
71,1,2,1,1,2,0,1,5,8,0
72,1,2,1,1,1,5,1,0,5,0
73,1,3,1,2,1,5,1,6,14,0
74,1,4,1,2,2,0,1,0,20,5
75,1,10,1,1,1,0,1,5,9,2
76,1,9,1,2,1,0,1,6,13,0
77,2,4,5,2,1,0,1,10,20,0
78,1,10,1,1,2,0,1,0,3,0
79,2,3,5,2,1,0,1,6,14,2
80,1,2,4,2,1,0,1,3,20,5
81,1,2,1,1,1,0,1,5,6,2
82,2,8,5,2,1,4,1,4,20,0
83,1,10,1,1,2,0,1,5,2,0
84,1,2,1,2,1,7,1,5,20,0
85,1,10,1,1,1,5,1,5,7,0
86,1,2,1,1,1,0,1,5,8,2
87,2,7,5,2,1,0,1,6,10,5
88,1,2,1,1,2,0,1,6,4,0
89,1,10,1,1,1,5,1,5,5,0
90,1,10,1,1,1,0,1,6,3,0
91,2,4,5,2,1,0,1,6,17,0
92,1,2,1,1,2,0,1,5,3,0
93,1,10,1,1,1,5,1,6,6,0
94,1,8,2,2,1,0,2,8,15,4
95,1,7,3,2,1,4,1,0,20,0
96,1,1,1,1,1,5,1,8,3,0
97,1,9,1,2,1,0,1,8,12,1
98,1,7,1,2,1,0,1,1,20,3
99,1,10,1,1,1,0,1,6,2,2
100,1,10,1,1,1,0,1,6,5,0
101,1,2,1,1,1,0,1,0,8,2
102,1,4,4,2,1,7,1,8,11,0
103,1,2,1,1,2,0,1,8,6,0
104,1,2,1,1,1,0,1,5,6,0
105,1,5,1,2,1,0,1,0,20,5
106,1,10,1,1,1,5,1,5,6,0
107,1,1,1,1,1,5,1,8,5,0
108,1,2,1,1,1,0,1,8,3,0
109,1,1,1,2,1,5,1,10,20,0
110,1,1,1,2,1,0,1,8,16,0
111,1,4,2,2,1,0,2,8,12,4
112,1,10,1,1,1,0,1,0,2,0
113,1,3,2,2,1,4,2,5,20,0
114,1,10,1,1,2,0,1,8,3,0
115,1,2,1,1,1,5,1,8,5,0
116,2,3,5,2,1,0,1,6,17,4
117,1,1,1,1,1,0,1,8,3,0
118,1,1,1,1,1,5,1,8,9,0
119,1,2,1,1,1,0,1,8,9,2
120,1,1,1,1,2,0,1,5,9,0
121,1,5,4,2,1,3,1,8,14,0
122,1,2,1,1,2,0,1,8,3,0
123,1,4,2,2,1,0,2,5,12,1
124,1,10,1,1,1,5,1,8,2,0
124,1,1,1,2,1,3,1,0,20,0
125,1,7,4,2,2,0,1,2,20,0
126,1,1,1,1,1,0,1,8,4,2
127,2,5,5,2,1,0,1,5,1,5
128,1,2,1,1,1,0,1,0,2,2
129,1,7,3,2,1,0,1,6,16,2
130,1,1,1,1,1,0,1,8,8,0
131,1,8,1,2,1,0,1,5,13,5
132,1,10,1,1,1,0,1,6,2,2
133,1,1,1,1,2,0,1,8,5,0
134,1,10,1,2,1,3,1,5,15,0
135,1,10,1,1,1,5,1,8,5,0
136,2,2,5,2,1,3,1,5,20,0
137,1,2,1,1,1,0,1,5,2,2
138,1,1,1,1,1,5,1,8,5,0
139,1,10,3,2,1,3,1,6,14,0
140,1,10,1,1,1,5,1,8,4,0
141,2,2,5,2,1,0,1,5,10,3
142,1,10,1,1,1,0,1,8,8,2
143,1,2,1,2,1,0,1,8,13,0
144,1,1,1,1,1,0,1,5,9,0
145,1,3,1,2,1,0,1,8,16,0
146,1,1,1,1,1,0,1,8,7,0
147,2,10,5,2,1,5,1,5,1,0
148,1,1,1,1,1,0,1,8,8,2
149,1,2,1,1,1,0,1,5,9,0
150,2,4,5,2,1,3,1,4,20,0
151,1,2,1,1,1,0,1,5,4,0
152,1,1,1,1,1,0,1,6,9,0
153,1,1,1,2,1,0,1,8,12,0
154,1,2,1,1,1,0,1,8,2,0
155,1,2,1,2,1,3,1,8,15,0
156,1,10,1,1,1,0,1,8,9,2
157,2,7,1,2,4,0,1,3,17,0
158,1,10,1,1,1,0,1,5,4,0
159,1,2,1,1,1,0,1,8,2,2
160,1,8,1,2,1,0,1,8,13,2
161,1,10,1,1,2,0,1,5,7,0
162,1,3,1,2,1,0,1,6,16,3
163,1,1,3,2,1,0,1,8,13,1
164,1,10,1,1,1,5,1,6,5,0
165,1,8,1,2,1,0,1,6,15,0
166,1,10,1,1,2,0,1,5,7,0
167,1,2,1,1,1,5,1,5,2,0
168,1,9,4,2,1,4,1,5,13,0
169,1,10,1,1,1,0,1,6,4,0
170,1,5,1,2,1,0,1,5,11,0
171,1,2,1,1,2,0,1,8,2,0
172,1,9,1,2,1,3,1,8,15,0
173,1,1,1,1,1,0,1,5,2,0
174,1,2,1,2,1,0,1,8,13,3
175,1,10,1,2,1,0,1,9,1,4
176,1,2,1,1,2,0,1,8,3,0
177,1,9,4,2,1,0,1,6,15,1
178,1,10,1,1,1,0,1,8,5,0
179,1,2,1,1,1,0,1,8,2,2
180,1,3,1,2,1,0,1,8,13,3
181,1,2,1,1,1,5,1,5,6,0
182,1,4,3,1,1,0,1,6,5,4
183,1,2,1,1,1,0,1,8,5,2
184,1,5,2,2,1,0,2,5,15,1
185,1,1,1,1,2,0,1,0,5,0
186,1,2,1,1,1,5,1,8,7,0
187,1,1,2,2,2,0,2,8,11,0
188,1,2,1,1,1,5,1,0,8,0
189,1,10,1,1,1,5,1,8,3,1
190,1,2,1,1,1,5,1,8,2,0
191,1,9,2,1,1,7,1,6,14,0
192,1,1,1,1,1,5,1,0,9,0
193,1,3,1,2,1,4,1,6,1,0
194,1,10,1,1,1,5,1,8,2,0
195,2,4,5,2,1,4,1,5,10,0
196,1,2,1,1,1,0,1,5,5,0
197,1,10,1,1,1,0,1,8,4,2
198,1,1,1,1,1,5,1,0,5,0
199,1,6,1,1,1,4,1,6,5,0
200,1,10,1,1,1,0,1,5,2,2
201,1,2,1,1,1,0,1,8,7,2
202,1,1,1,1,2,0,1,8,8,0
203,2,2,5,2,1,5,1,6,17,0
204,2,6,5,2,1,5,1,6,10,0
205,1,2,1,1,2,0,1,0,8,0
206,1,10,1,1,1,0,1,6,9,0
207,1,2,1,1,1,0,1,8,9,0
208,1,4,2,2,1,0,2,8,11,1
209,1,2,1,1,1,0,1,8,5,2
210,1,1,1,1,1,0,1,8,7,0
211,1,2,1,1,1,5,1,0,3,0
212,2,6,5,2,1,0,1,6,1,3
213,1,2,1,1,2,0,1,8,9,0
214,1,9,4,2,1,0,1,6,12,4
215,1,1,1,1,2,0,1,8,2,0
216,1,4,1,2,1,3,1,5,11,0
217,1,1,1,1,1,0,1,5,6,2
218,1,6,2,2,2,0,2,8,15,0
219,1,2,1,1,1,0,1,8,8,0
220,1,6,3,2,2,0,1,8,12,0
221,1,2,1,1,2,0,1,5,3,0
222,1,9,1,2,1,3,1,5,20,0
223,1,10,1,1,1,0,1,5,9,2
224,1,1,2,2,1,0,2,1,20,0
225,1,2,1,1,1,5,1,8,4,0
226,1,7,1,2,1,0,1,6,15,0
227,1,10,1,1,1,0,1,0,5,2
228,1,5,1,2,1,2,1,0,20,3
229,1,2,1,1,1,5,1,5,8,0
230,1,5,4,2,1,0,1,5,11,5
231,1,1,1,1,2,0,1,5,6,0
232,1,7,4,2,1,0,1,0,20,1
233,1,10,1,1,1,5,1,8,8,0
234,1,7,1,2,1,3,1,5,12,0
235,1,2,1,1,1,5,1,0,4,0
236,1,9,5,2,1,0,1,6,10,2
237,1,1,1,1,2,0,1,5,2,0
238,1,10,3,2,1,0,1,6,11,1
239,1,3,1,2,2,0,1,8,13,0
240,1,1,1,1,1,5,1,6,2,0
241,1,4,2,2,1,0,2,2,16,4
242,1,10,1,1,2,0,1,5,9,0
243,1,3,5,2,1,0,1,5,10,0
244,1,10,1,1,1,0,1,8,3,2
245,1,3,1,2,1,0,1,5,12,0
246,1,1,1,1,1,0,1,6,9,0
247,1,9,3,2,2,0,1,5,13,0
248,1,10,1,1,2,0,1,8,6,0
249,1,8,1,2,1,4,1,6,11,0
250,1,1,1,1,2,0,1,5,7,0
251,1,3,1,2,2,0,1,5,1,0
252,1,10,1,1,1,5,1,0,4,0
253,1,2,3,2,1,0,1,8,15,0
254,1,1,1,1,1,5,1,5,3,0
255,1,5,3,2,1,7,1,0,10,1
256,1,10,1,1,1,0,1,8,6,0
257,1,5,3,2,1,0,1,5,11,0
258,1,10,1,1,2,0,1,5,7,0
259,1,9,5,2,1,0,1,6,10,0
260,1,1,1,1,2,0,1,0,3,0
261,1,1,1,1,1,5,1,5,8,0
262,1,10,1,1,1,5,1,6,8,0
263,1,2,4,2,1,3,1,5,13,0
264,1,1,1,1,1,0,1,6,5,0
265,1,10,1,1,2,0,1,6,8,0
266,1,6,1,2,1,0,1,6,14,1
267,1,2,1,1,1,5,1,5,4,0
268,1,10,1,1,2,0,1,0,2,0
269,1,10,1,2,2,0,1,5,12,0
270,1,10,1,1,2,0,1,8,6,0
271,1,9,3,1,1,0,1,5,20,0
272,1,2,1,1,1,5,1,8,8,0
273,1,1,1,2,1,0,1,5,1,5
274,1,1,1,1,1,0,1,8,6,2
275,1,2,1,1,1,0,1,8,2,2
276,1,9,1,2,1,0,1,8,12,4
277,1,2,1,1,2,0,1,8,4,0
278,1,1,1,1,2,0,1,8,2,0
279,1,1,1,1,1,0,1,5,2,2
280,1,2,1,1,1,5,1,8,3,0
281,1,10,1,1,1,0,1,8,3,0
282,1,3,1,2,1,4,1,6,13,0
283,1,2,1,1,2,0,1,8,7,0
284,1,2,1,1,1,0,1,6,5,0
285,1,2,1,2,2,0,1,8,14,0
286,1,1,1,1,2,0,1,5,5,0
287,1,1,1,1,2,0,1,0,5,0
288,1,10,1,1,1,5,1,5,5,0
289,1,1,1,1,1,0,1,5,8,2
290,1,10,1,2,1,0,1,8,16,3
291,1,2,1,1,1,0,1,8,2,2
292,1,10,1,1,1,0,1,8,3,0
293,1,5,1,2,1,6,1,8,14,0
294,1,1,1,1,1,5,1,6,5,0
295,1,2,1,1,1,0,1,6,4,2
296,1,2,3,2,2,0,1,5,13,0
297,1,1,1,1,1,0,1,8,2,2
298,1,2,1,1,2,0,1,5,5,0
299,1,6,1,2,1,0,1,8,16,1
300,1,1,1,1,1,0,1,6,8,0
301,1,2,1,1,1,5,1,0,7,0
302,1,6,1,2,1,0,1,5,14,0
303,1,1,1,1,2,0,1,8,8,0
304,1,1,1,1,1,5,1,5,8,0
305,1,2,1,1,1,0,1,5,8,0
306,1,7,2,2,1,0,2,8,12,3
307,1,8,1,1,1,0,1,8,20,3
308,1,2,1,1,1,7,1,9,20,0
309,1,8,1,1,1,0,1,6,20,5
310,1,9,1,1,2,0,1,5,20,0
311,2,10,5,2,1,0,1,6,10,1
312,1,5,2,2,1,5,2,0,20,0
313,1,9,1,2,1,5,1,1,20,0
314,2,4,5,2,1,0,1,0,14,5
315,2,10,5,2,1,0,1,5,1,0
316,1,6,4,1,1,0,1,8,20,0
317,2,10,5,2,1,0,1,6,14,1
318,1,5,1,2,2,0,1,10,20,0
319,2,7,5,2,1,0,1,10,20,1
320,1,3,1,2,2,0,1,7,12,0
321,1,10,1,2,2,0,1,0,20,0
322,1,4,1,2,1,1,1,0,20,4
323,2,3,5,2,1,0,1,3,20,4
324,1,5,1,2,1,3,1,2,15,0
325,1,10,1,2,1,0,1,4,20,1
326,1,6,1,2,2,0,1,6,14,0
327,2,10,5,2,1,0,1,0,20,0
328,1,8,3,2,1,0,1,1,20,4
329,1,4,3,2,1,7,1,1,12,0
330,1,2,4,2,1,0,1,8,12,0
331,1,7,1,2,1,0,1,6,1,2
332,1,3,1,2,1,1,1,0,20,0
333,1,9,1,2,1,0,1,3,11,4
334,1,7,1,1,1,0,1,5,20,1
335,1,4,1,2,1,0,1,0,1,2
336,1,1,3,2,1,0,1,6,1,0
337,1,5,4,2,1,5,1,8,11,0
338,1,7,1,2,1,4,1,3,14,0
339,1,6,1,2,1,5,1,6,1,0
340,1,9,1,2,1,0,1,5,13,0
341,1,7,1,2,1,0,1,9,16,1
342,2,3,5,2,1,3,1,4,20,0
343,1,10,3,2,1,3,1,8,14,0
344,1,2,1,2,1,0,1,5,1,3
345,1,6,1,2,1,0,1,6,16,1
346,1,1,3,1,1,3,1,5,20,0
347,1,7,1,2,1,0,1,4,11,4
348,1,4,3,2,1,2,1,0,20,0
349,1,8,3,2,1,1,1,0,20,0
350,1,9,1,2,1,5,1,6,12,0
351,1,10,1,2,1,6,1,6,15,0
352,1,1,1,2,1,0,1,7,20,0
353,2,5,5,2,1,0,1,1,20,0
354,2,10,5,2,1,3,1,10,20,0
355,1,4,2,2,1,3,2,0,11,5
356,2,8,5,2,1,0,1,3,20,3
357,1,1,1,2,1,0,1,2,20,3
358,1,2,1,2,1,6,1,0,20,5
359,1,9,3,2,1,2,1,0,20,5
360,1,1,1,2,1,0,1,3,20,4
361,2,5,5,2,1,0,1,3,20,1
362,1,3,1,2,1,0,1,7,20,1
363,2,2,5,2,1,0,1,3,20,2
364,1,9,1,2,1,1,1,0,20,0
365,2,6,5,2,1,0,1,0,20,2
366,1,3,4,2,1,4,1,10,20,0
367,1,7,1,2,1,0,1,10,20,0
368,1,10,1,2,1,0,1,8,11,1
369,1,8,1,2,1,7,1,0,20,5
370,1,4,2,2,1,5,2,2,20,0
371,1,8,2,2,1,0,2,6,1,3
372,1,10,4,1,1,5,1,8,20,0
373,1,2,1,2,1,0,1,6,14,4
374,1,2,1,2,1,0,1,8,14,1
375,1,1,3,2,2,0,1,6,12,0
376,1,3,3,1,1,0,1,5,20,3
377,1,3,1,2,1,0,1,10,20,5
378,1,8,1,2,1,7,1,5,1,0
379,1,4,2,2,1,0,2,8,15,2
380,1,10,1,2,1,0,1,6,15,0
381,1,8,1,2,1,0,1,1,20,0
382,1,7,2,2,1,4,2,5,13,0
383,1,4,1,2,1,0,1,5,14,3
384,1,1,1,2,1,0,1,6,11,0
385,1,2,4,2,1,5,1,5,13,0
386,1,5,1,2,1,0,1,6,13,1
387,1,9,1,2,2,0,1,5,14,0
388,1,8,1,2,1,0,1,6,13,0
389,1,1,1,2,1,1,1,0,20,5
390,1,6,1,1,1,6,1,6,20,0
391,1,10,1,2,1,0,1,8,15,1
392,1,2,1,2,1,5,1,6,14,0
393,1,1,2,2,1,7,1,8,16,0
394,1,7,1,2,1,4,1,6,11,0
395,1,3,4,2,1,0,1,5,15,0
396,1,2,1,2,1,5,1,5,13,0
397,1,1,1,2,1,0,1,6,12,0
398,1,7,1,2,1,0,1,8,15,0
399,1,9,1,2,1,0,1,4,20,0
400,1,4,1,2,1,0,1,8,12,1
401,1,3,1,2,1,3,1,8,16,0
402,1,4,4,2,1,1,1,0,20,0
403,1,4,1,2,1,0,1,2,20,3
404,1,10,3,2,1,0,1,6,13,3
405,1,4,1,2,1,2,1,0,20,0
406,1,10,1,1,1,5,1,5,20,0
407,1,7,1,2,1,3,1,3,20,0
408,1,4,1,2,1,0,1,8,15,0
409,1,4,1,1,1,0,1,6,20,2
410,1,9,1,2,1,0,1,0,20,3
411,2,5,5,2,1,1,1,0,16,2
412,1,2,3,2,1,0,1,5,13,0
413,1,5,1,2,1,0,1,9,20,3
414,1,2,1,2,1,0,1,5,16,3
415,2,6,5,2,1,1,1,0,10,3
416,1,2,3,2,1,0,1,2,20,3
417,1,9,1,2,1,7,1,9,13,0
418,1,4,1,2,1,3,1,7,15,0
419,2,8,5,2,1,0,1,4,10,3
420,1,1,3,2,1,0,1,3,20,3
421,1,3,1,2,1,2,1,0,1,0
422,1,1,1,2,1,0,1,10,11,1
423,2,8,5,2,1,3,1,0,10,0
424,1,3,1,2,1,0,1,3,14,3
425,1,7,1,2,1,0,1,0,12,3
426,1,2,1,2,1,6,1,0,20,0
427,2,3,5,2,1,2,1,0,20,1
428,1,8,1,2,1,3,1,3,15,0
429,1,10,1,2,1,0,1,4,16,0
430,1,2,3,2,1,5,1,0,16,5
431,1,4,1,2,1,4,1,10,12,0
432,1,7,4,2,1,0,1,0,20,0
433,1,10,1,2,1,0,1,3,20,0
434,1,7,4,2,1,0,1,2,16,1
435,1,1,1,2,1,0,1,10,1,5
436,2,10,5,2,1,1,1,0,20,0
437,1,2,1,2,1,4,1,1,20,0
438,2,6,5,2,1,0,1,1,1,2
439,1,5,3,2,1,7,1,8,1,0
440,1,10,1,2,1,0,1,3,20,5
441,1,7,1,2,2,0,1,0,16,5
442,1,2,1,2,1,0,1,2,14,5
443,1,10,4,2,2,0,1,9,1,0
444,2,2,5,2,1,6,1,3,17,0
445,1,9,4,2,1,5,1,2,14,0
446,1,2,1,2,1,5,1,9,16,0
447,2,10,5,2,1,0,1,4,14,5
448,1,4,1,2,1,0,1,3,15,0
449,2,8,5,2,1,0,1,3,1,5
450,1,5,4,2,1,0,1,7,15,0
451,1,3,3,2,1,4,1,1,20,0
452,1,4,1,2,1,0,1,9,16,4
453,1,7,1,2,1,0,1,0,15,0
454,2,9,5,2,1,0,1,3,1,3
455,1,5,1,2,1,0,1,10,12,0
456,1,3,3,2,1,4,1,3,20,0
457,1,9,1,2,1,0,1,10,13,4
458,1,10,1,2,1,0,1,3,16,3
459,1,2,1,2,1,5,1,7,13,0
460,1,7,1,2,1,5,1,10,13,0
461,2,4,5,2,1,2,1,0,10,4
462,1,1,1,2,1,4,1,9,16,0
463,1,10,1,2,1,3,1,0,16,5
464,2,6,5,2,1,0,1,1,10,5
465,1,2,1,2,1,0,1,0,14,3
466,1,7,1,2,1,1,1,0,15,3
467,2,8,5,2,1,0,1,10,14,4
468,1,2,1,2,1,0,1,10,1,5
469,1,2,1,2,1,1,1,0,16,0
470,1,1,1,2,1,0,1,3,12,4
471,2,2,5,2,1,0,1,0,16,4
472,1,8,1,2,1,4,1,3,11,0
473,1,9,3,2,1,0,1,3,12,1
474,1,3,1,2,1,1,1,0,11,0
475,2,5,5,2,1,0,1,0,16,5
476,1,6,4,2,1,7,1,10,11,0
477,1,10,2,2,1,5,2,9,1,0
478,1,9,1,2,1,6,1,4,12,0
479,1,10,4,2,1,0,1,0,1,0
480,2,4,5,2,1,0,1,0,20,2
481,1,7,2,2,2,0,2,2,15,0
482,1,1,2,2,1,4,2,4,12,0
483,1,7,1,2,1,0,1,4,14,1
484,1,3,1,2,1,1,1,0,14,0
485,1,9,1,2,1,5,1,4,11,0
486,1,2,1,2,2,0,1,0,11,0
487,1,10,1,1,1,5,1,5,4,0
488,1,4,1,2,1,0,1,1,15,4
489,1,9,3,2,1,0,1,10,13,2
490,1,2,1,1,2,0,1,5,2,0
491,1,6,4,2,1,4,1,0,13,5
492,1,8,1,2,1,6,1,0,14,0
493,1,2,1,1,1,5,1,5,3,0
494,1,8,2,2,1,4,2,1,12,0
495,1,5,1,2,1,0,1,9,11,2
496,1,10,1,2,1,3,1,0,13,0
497,1,3,1,2,1,3,1,1,20,0
498,1,10,1,2,2,0,1,0,13,5
499,1,4,1,2,1,2,1,0,16,3
500,1,2,1,2,1,1,1,0,14,5
501,1,7,3,2,1,0,1,3,12,2
502,1,8,1,2,1,0,1,3,16,3
503,1,7,4,2,2,0,1,3,14,0
504,1,10,3,2,1,2,1,0,13,0
505,1,7,1,2,1,1,1,0,16,0
506,1,4,1,2,1,7,1,1,11,0
507,1,10,1,2,1,5,1,0,11,5
508,1,6,1,2,1,4,1,3,14,0
509,1,9,1,2,1,0,1,4,11,1
510,1,5,1,2,1,2,1,0,15,0
511,1,1,3,2,1,2,1,0,1,3
512,1,2,1,2,1,1,1,0,13,0
513,1,3,3,2,2,0,1,7,14,0
514,2,10,5,2,1,2,1,0,1,0
515,1,1,4,2,1,1,1,0,12,3
516,1,9,1,2,1,0,1,7,14,5
517,2,9,5,2,1,0,1,10,10,0
518,1,4,1,2,1,0,1,10,1,1
519,1,9,1,2,1,5,1,0,13,0
520,1,10,1,2,1,3,1,3,13,0
521,2,8,5,2,1,4,1,4,14,0
522,1,4,1,2,1,0,1,7,16,4
523,1,1,1,2,1,1,1,0,14,0
524,2,9,5,2,1,1,1,0,10,2
525,1,2,1,2,1,7,1,1,14,0
526,1,7,4,2,1,2,1,0,11,4
527,2,3,5,2,1,0,1,3,17,2
528,2,5,5,2,1,0,1,10,10,3
529,1,6,1,2,1,4,1,2,16,0
530,1,6,1,2,1,0,1,4,16,0
531,2,7,5,2,1,2,1,0,10,0
532,1,2,1,2,1,0,1,1,12,1
533,1,2,3,2,2,0,1,3,14,0
534,2,7,5,2,1,0,1,0,14,4
535,1,3,1,2,1,6,1,4,1,0
536,1,3,4,2,1,5,1,9,12,0
537,1,8,1,2,1,2,1,0,14,0
538,2,2,5,2,1,0,1,4,10,0
539,2,7,5,2,1,4,1,0,1,5
540,1,5,4,2,1,6,1,3,14,5
541,2,5,5,2,1,1,1,0,10,0
542,2,8,5,2,1,0,1,4,10,3
543,1,10,2,2,1,2,2,0,1,1
544,1,5,4,2,2,0,1,1,15,0
545,2,4,5,2,1,1,1,0,10,4
546,1,8,4,2,1,0,1,1,13,5
547,2,10,5,2,1,0,1,1,14,0
548,1,8,1,2,1,2,1,0,20,4
549,1,7,2,2,1,0,2,5,15,3
550,2,2,5,2,1,0,1,4,17,0
551,1,1,1,2,1,3,1,0,14,5
552,2,4,5,2,1,3,1,4,10,0
553,1,4,2,2,1,4,2,0,12,0
554,2,8,5,2,1,1,1,0,10,0
555,1,7,2,2,1,4,2,0,11,5
556,2,3,5,2,1,1,1,0,1,1
557,1,5,1,2,1,0,1,2,11,4
558,1,9,1,2,1,7,1,2,13,0
559,2,7,5,2,1,0,1,1,1,4
560,1,5,4,2,1,0,1,1,11,5
561,2,10,5,2,1,1,1,0,1,5
562,1,9,1,2,1,6,1,2,12,0
563,1,2,4,2,1,0,1,0,12,5
564,1,6,4,2,1,5,1,1,12,0
565,1,9,1,2,1,4,1,4,13,0
566,2,2,5,2,1,0,1,4,10,0
567,1,7,1,2,1,3,1,7,13,0
568,1,8,1,2,1,0,1,2,16,5
569,1,1,1,2,1,6,1,4,12,0
570,1,10,1,2,1,3,1,1,16,0
571,1,9,1,2,1,6,1,3,16,0
572,1,3,3,2,1,4,1,4,14,0
573,1,2,1,2,1,0,1,10,16,1
574,2,8,5,2,1,2,1,0,14,3
575,1,1,1,2,1,4,1,4,15,0
576,1,10,2,2,2,0,2,5,12,0
577,2,2,5,2,1,0,1,1,10,2
578,1,9,1,2,2,2,1,0,12,0
579,1,1,1,2,1,0,1,4,16,4
580,1,7,2,2,1,1,2,0,12,0
581,1,5,1,2,2,0,1,7,15,0
582,1,8,1,2,1,6,1,3,12,0
583,1,2,1,2,1,4,1,0,14,5
584,2,4,5,2,1,1,1,0,10,1
585,1,5,2,2,1,0,2,4,14,3
586,1,6,1,2,1,6,1,0,15,0
587,1,7,4,2,1,0,1,0,15,3
588,2,8,5,2,1,0,1,0,10,2
589,1,4,1,2,1,3,1,3,11,0
590,1,7,1,2,1,6,1,0,12,0
591,1,6,1,2,1,0,1,1,13,2
592,1,7,1,2,1,0,1,7,16,0
593,1,2,1,2,1,6,1,2,11,0
594,2,9,5,2,1,0,1,4,20,5
595,1,10,1,2,1,4,1,0,11,5
596,2,4,5,2,1,3,1,0,10,5
597,2,2,5,2,1,0,1,0,10,3
598,2,9,5,2,1,0,1,10,14,5
599,2,6,5,2,1,0,1,0,14,0
600,2,5,5,1,1,6,1,5,20,0
601,1,9,1,2,1,0,1,10,16,4
602,1,9,4,2,1,6,1,3,1,0
603,2,3,5,2,1,0,1,0,17,3
604,1,7,1,2,1,1,1,0,16,5
605,2,2,5,2,1,1,1,0,10,2
606,1,8,1,2,2,0,1,4,12,0
607,1,10,1,2,1,6,1,3,15,0
608,2,5,5,2,1,1,1,0,17,1
609,2,6,5,2,1,5,1,0,10,5
610,1,8,4,2,1,0,1,4,13,0
611,1,1,4,2,1,0,1,1,13,3
612,2,2,5,2,1,5,1,10,10,0
613,1,3,1,2,2,0,1,10,12,0
614,1,1,3,2,2,0,1,2,15,0
615,1,2,2,2,1,7,1,0,20,0
616,1,10,4,2,2,0,1,0,1,5
617,1,6,1,2,1,0,1,1,16,0
618,1,3,2,2,1,7,1,0,11,5
619,2,9,5,2,1,0,1,0,10,3
620,1,2,1,2,1,0,1,9,12,1
621,2,6,5,2,1,0,1,10,14,4
622,1,7,1,2,1,4,1,10,12,0
623,2,10,5,2,1,5,1,1,17,0
624,2,6,5,2,1,4,1,10,10,0
625,1,4,1,2,1,7,1,7,13,0
626,1,1,1,2,1,0,1,1,14,4
627,2,8,5,2,1,5,1,0,10,0
628,2,6,5,2,1,0,1,1,10,2
629,2,3,5,2,1,5,1,4,10,0
630,2,7,5,2,1,0,1,0,14,1
631,1,10,1,2,1,4,1,0,14,5
632,1,1,4,2,1,0,1,10,12,5
633,2,9,5,2,1,0,1,0,10,5
634,1,8,1,2,1,5,1,0,16,0
635,2,4,5,2,1,0,1,1,10,0
636,2,9,5,2,1,0,1,3,14,3
637,1,5,1,2,1,0,1,2,16,0
638,1,6,4,2,1,0,1,4,14,5
639,2,4,5,2,1,0,1,6,10,4
640,1,9,4,2,1,7,1,2,1,0
641,2,2,5,2,1,1,1,0,1,5
642,2,5,5,2,1,0,1,4,10,0
643,2,10,5,2,1,5,1,0,10,5
644,2,6,5,2,1,3,1,3,10,0
645,1,1,4,2,1,0,1,1,20,3
646,2,4,5,2,1,5,1,0,10,5
647,2,6,5,2,1,1,1,0,14,0
648,2,7,5,2,1,0,1,1,17,0
649,1,5,1,2,1,0,1,0,13,0
650,2,6,5,2,1,0,1,6,10,0
651,1,1,1,2,1,0,1,0,1,5
652,1,3,2,2,2,0,2,5,16,0
653,1,1,2,2,1,0,2,3,13,3
654,1,9,1,2,2,0,1,2,14,0
655,1,4,4,2,1,4,1,7,11,0
656,2,10,5,2,1,5,1,10,1,0
657,2,5,5,2,1,0,1,3,10,5
658,1,2,1,2,1,4,1,7,11,0
659,1,9,1,2,1,5,1,5,13,0
660,1,8,4,2,1,4,1,1,20,0
661,1,5,1,2,1,0,1,3,1,1
662,1,7,4,2,1,0,1,4,16,4
663,1,2,1,2,1,0,1,10,11,2
664,2,9,5,2,1,3,1,0,14,0
665,1,8,1,2,2,0,1,10,1,0
666,2,1,5,2,1,0,1,10,17,5
667,1,6,1,2,1,0,1,1,16,2
668,1,10,1,2,1,0,1,1,11,0
669,2,9,5,2,1,0,1,4,10,0
670,1,2,1,2,1,0,1,0,12,4
671,1,5,1,2,1,0,1,4,16,0
672,2,4,5,2,1,2,1,0,10,2
673,1,6,1,2,1,2,1,0,16,2
674,2,2,5,2,1,0,1,0,10,5
675,2,5,5,2,1,0,1,3,14,4
676,1,2,3,2,1,5,1,0,14,0
677,2,9,5,2,1,0,1,0,10,2
678,2,4,5,2,1,5,1,1,10,0
679,1,7,1,2,1,5,1,1,1,0
680,1,1,1,2,1,0,1,0,1,0
681,1,9,1,2,1,3,1,0,13,5
682,2,3,5,2,1,3,1,0,14,5
683,1,9,1,2,1,4,1,10,12,0
684,2,5,5,2,1,0,1,4,10,5
685,1,3,1,2,2,0,1,9,15,0
686,2,4,5,2,1,0,1,6,10,0
687,1,5,3,2,1,0,1,1,11,2
688,2,2,5,2,1,0,1,10,17,4
689,1,7,1,2,1,0,1,10,11,2
690,2,5,5,2,1,2,1,0,10,0
691,1,6,1,2,1,0,1,10,13,5
692,2,4,5,2,1,0,1,0,10,5
693,1,10,2,2,1,4,2,7,11,0
694,1,2,4,2,1,3,1,0,14,0
695,1,9,1,2,1,0,1,7,11,4
696,1,4,1,2,1,4,1,3,14,0
697,2,7,5,2,1,0,1,10,1,2
698,1,6,2,2,1,0,1,4,15,0
699,1,7,1,2,1,0,1,9,15,4
700,1,10,1,2,1,0,1,10,12,0
701,1,8,1,2,1,3,1,7,11,0
702,2,3,5,2,1,3,1,1,10,0
703,1,5,4,2,1,1,1,0,12,0
704,1,4,2,2,2,0,2,10,11,0
705,1,7,1,2,1,2,1,0,12,5
706,1,10,1,2,1,5,1,3,15,0
707,2,5,5,2,1,2,1,0,17,3
708,1,9,3,2,1,0,1,4,12,4
709,1,6,1,2,1,4,1,2,15,0
710,1,3,1,2,1,4,1,7,13,0
711,1,7,1,2,1,0,1,9,12,3
712,2,10,5,2,1,2,1,0,1,0
713,1,5,3,2,1,0,2,3,13,3
714,1,9,1,2,1,0,1,1,15,0
715,1,7,4,2,1,1,1,0,13,0
716,1,2,1,2,1,0,1,7,12,0
717,2,7,5,2,1,0,1,0,10,0
718,1,8,3,2,1,4,2,0,11,5
719,1,10,1,2,1,0,1,4,14,5
720,1,3,1,2,1,1,1,0,15,0
721,2,9,5,2,1,0,1,3,11,1
722,1,10,1,2,1,0,1,1,16,4
723,1,8,2,2,2,0,2,0,12,0
724,1,4,1,2,1,0,1,9,15,0
725,2,6,5,2,1,3,1,4,1,0
726,1,1,1,2,1,0,1,1,15,2
727,1,2,4,2,4,0,1,10,1,5
728,2,3,5,2,1,0,1,0,10,3
729,1,4,3,2,1,4,2,2,14,0
730,2,2,5,2,1,0,1,0,10,1
731,1,7,1,2,1,5,1,10,16,0
732,1,5,4,2,1,5,1,4,16,0
733,1,3,5,2,1,5,1,0,17,0
734,1,8,1,2,1,0,1,4,14,5
735,1,6,3,2,1,5,1,1,14,0
736,1,2,1,2,1,0,1,1,15,3
737,1,8,1,2,1,1,1,0,16,0
738,1,3,1,2,1,0,1,2,14,5
739,2,5,5,2,1,0,1,4,1,0
740,1,3,4,2,1,0,1,9,13,4
741,1,7,1,2,1,0,1,3,14,0
742,1,6,4,2,1,0,1,4,16,0
743,2,6,5,2,1,0,1,3,14,2
744,1,10,1,2,1,3,1,0,14,0
745,1,8,4,2,1,4,1,7,12,0
746,1,10,3,2,1,0,1,1,1,2
747,1,2,1,2,1,0,1,2,15,0
748,1,6,4,2,1,1,1,0,16,0
749,1,6,3,2,1,0,1,10,1,5
750,1,4,1,2,1,0,1,0,16,2
751,1,5,1,2,1,0,1,4,14,3
752,2,2,5,2,1,0,1,10,1,2
753,1,8,3,2,1,0,1,4,12,3
754,1,7,1,2,1,0,1,9,16,2
755,1,10,1,2,1,1,1,0,13,0
756,1,5,1,2,1,0,1,0,12,3
757,1,5,1,2,1,0,1,10,16,3
758,1,3,1,2,1,0,1,1,16,1
759,1,5,1,2,1,0,1,10,13,3
760,1,4,1,2,1,5,1,1,1,0
761,1,1,4,2,1,5,1,10,16,0
762,1,6,1,2,1,0,1,1,12,1
763,1,8,1,2,1,5,1,2,11,0
764,1,4,1,2,1,0,1,7,15,0
765,1,6,4,2,1,0,1,1,1,0
766,1,7,1,2,1,0,1,7,1,1
767,1,2,1,2,1,2,1,0,1,3
768,1,1,4,2,1,3,1,4,1,0
769,1,4,1,2,1,0,1,9,14,0
770,1,5,1,2,1,3,1,9,15,0
771,1,7,1,2,1,2,1,0,11,2
772,1,6,2,2,1,0,2,0,15,1
773,1,10,1,2,1,5,1,0,15,0
774,1,2,3,2,1,0,1,2,12,2
775,1,3,1,2,2,0,1,9,16,0
776,1,1,1,2,1,0,1,2,14,3
777,1,4,1,2,1,0,1,3,1,5
778,1,9,3,2,1,0,1,9,11,4
779,1,10,1,2,1,0,1,3,15,4
780,1,6,1,2,1,0,1,9,13,4
781,1,2,3,2,1,5,1,4,15,0
782,1,9,1,2,1,3,1,9,12,0
783,1,1,1,2,1,0,1,9,14,3
784,1,5,1,2,1,5,1,7,13,0
785,1,10,3,2,1,5,1,10,15,0
786,1,6,1,2,1,0,1,7,20,0
787,1,3,2,2,1,0,2,7,12,4
788,1,8,4,2,1,2,1,0,16,3
789,1,1,1,2,1,3,1,9,13,0
790,1,5,1,2,1,0,1,7,20,4
791,1,9,1,2,1,5,1,7,1,0
792,1,4,3,2,1,0,1,3,15,2
793,1,3,2,2,1,0,2,0,14,0
794,1,5,1,2,1,0,1,2,1,1
795,1,1,4,2,1,0,1,4,15,3
796,1,6,4,2,1,5,1,0,16,0
797,1,3,1,2,1,0,1,0,13,4
798,1,9,1,2,1,0,1,4,16,1
799,1,4,2,2,1,0,2,4,1,5
800,1,5,1,2,1,0,1,2,14,1
801,1,6,4,2,1,0,1,0,15,0
802,1,10,1,2,1,0,1,3,16,5
803,1,9,2,2,1,0,2,9,11,4
804,1,1,1,2,1,3,1,3,14,0
805,1,5,1,2,1,0,1,10,11,1
806,1,6,1,2,1,0,1,2,14,3
807,1,1,3,2,1,0,1,0,1,3
808,1,5,4,2,1,0,1,4,1,0
809,1,4,1,2,1,3,1,7,1,0
810,1,3,2,2,1,1,2,0,12,4
811,1,6,1,2,1,0,1,10,1,1
812,1,6,1,2,1,0,1,3,13,0
813,1,1,1,2,1,1,1,0,13,0
814,1,8,3,2,2,0,1,9,1,0
815,1,2,1,2,1,5,1,4,11,0
816,1,1,1,2,1,4,1,2,15,0
817,1,6,4,2,1,0,1,9,12,2
818,1,10,1,2,1,4,1,9,15,0
819,1,2,2,2,1,0,2,2,15,0
820,1,1,1,2,1,0,1,0,11,5
821,1,2,2,2,1,0,2,9,11,1
822,1,10,1,2,1,3,1,0,14,5
823,1,6,1,2,1,0,1,7,14,1
824,1,4,1,2,1,0,1,2,1,0
825,1,3,3,2,1,1,1,0,11,3
826,1,5,1,2,1,3,1,0,1,0
827,1,2,1,2,1,0,1,10,15,3
828,1,4,1,2,1,0,1,0,16,4
829,1,6,2,2,1,0,2,0,12,2
830,1,9,1,2,1,0,1,10,13,3
831,1,1,2,2,1,0,2,7,1,0
832,1,9,1,2,1,0,1,4,12,0
833,1,5,2,2,1,5,2,2,16,0
834,1,1,2,2,1,0,2,1,15,0
835,1,10,2,2,1,0,2,10,11,1
836,1,9,1,2,1,0,1,0,16,5
837,1,8,1,2,1,0,1,2,14,0
838,1,4,1,2,1,0,1,9,13,0
839,1,8,4,2,1,0,1,10,16,1
840,1,6,4,2,1,1,1,0,1,0
841,1,5,3,2,1,5,1,7,12,0
842,1,1,1,2,1,0,1,10,14,1
843,1,3,1,2,1,0,1,9,12,4
844,1,8,4,2,2,0,2,3,11,0
845,1,10,1,2,1,3,1,0,1,0
846,1,9,1,2,2,0,1,0,12,0
847,1,10,4,2,1,2,1,0,15,0
848,1,5,1,2,1,0,1,3,1,4
849,1,2,4,2,1,0,1,7,1,1
850,1,8,1,2,1,0,1,2,11,4
851,1,5,3,2,1,0,1,0,14,3
852,1,9,1,2,1,4,1,7,14,0
853,1,10,1,2,1,0,1,0,16,0
854,1,5,1,2,1,3,1,7,14,0
855,1,1,1,2,1,0,1,9,1,2
856,1,6,1,2,1,2,1,0,11,2
857,1,5,1,2,1,0,1,0,1,4
858,1,10,1,2,1,0,1,4,14,4
859,1,2,1,2,1,0,1,10,1,3
860,2,5,5,2,1,0,1,10,17,3
861,1,5,4,2,1,5,1,1,11,0
862,1,7,1,2,1,5,1,1,11,0
863,1,6,4,2,1,1,1,0,12,0
864,1,5,4,2,1,0,1,1,15,2
865,1,8,1,2,1,0,1,2,15,3
866,1,3,1,2,1,5,1,0,12,5
867,1,9,3,2,1,0,1,7,15,0
868,1,2,1,2,1,0,1,1,1,2
869,1,1,1,2,1,1,1,0,14,4
870,1,4,1,2,1,1,1,0,11,0
871,1,8,1,2,1,4,1,0,11,0
872,1,1,1,2,2,0,1,0,1,0
873,1,9,2,2,2,2,2,0,14,0
874,1,2,1,2,1,5,2,3,16,0
875,1,4,3,2,1,1,1,0,13,3
876,1,5,2,2,1,1,2,0,11,3
877,1,1,1,2,1,0,1,0,13,1
878,1,2,2,2,1,0,2,4,14,4
879,1,8,4,2,1,4,1,1,14,0
880,1,1,2,2,1,1,2,0,20,3
881,1,3,2,2,1,0,2,0,13,5
882,1,6,4,2,2,0,1,7,14,0
883,1,4,3,2,1,0,1,10,16,3
884,1,3,4,2,1,4,1,0,16,0
885,1,6,3,2,1,0,1,9,16,2
886,1,1,1,2,2,0,1,5,16,0
887,1,6,1,2,1,0,1,4,15,0
888,1,9,1,2,1,0,1,6,13,1
